Date,trend,yhat_lower,yhat_upper,trend_lower,trend_upper,additive_terms,additive_terms_lower,additive_terms_upper,weekly,weekly_lower,weekly_upper,yearly,yearly_lower,yearly_upper,multiplicative_terms,multiplicative_terms_lower,multiplicative_terms_upper,yhat
2010-02-05,49075100.194833264,43390292.08945647,52296143.15346182,49075100.194833264,49075100.194833264,-1165812.4354691452,-1165812.4354691452,-1165812.4354691452,-1878800.998404824,-1878800.998404824,-1878800.998404824,712988.5629356786,712988.5629356786,712988.5629356786,0.0,0.0,0.0,47909287.75936412
2010-02-12,49070930.65793117,44289505.42595248,53114387.0094632,49070930.65793117,49070930.65793117,-457102.5297052551,-457102.5297052551,-457102.5297052551,-1878800.998404824,-1878800.998404824,-1878800.998404824,1421698.4686995686,1421698.4686995686,1421698.4686995686,0.0,0.0,0.0,48613828.12822591
2010-02-19,49066761.12102907,42882324.08377982,51611288.788330525,49066761.12102907,49066761.12102907,-1835082.4086892635,-1835082.4086892635,-1835082.4086892635,-1878800.998404824,-1878800.998404824,-1878800.998404824,43718.58971556032,43718.58971556032,43718.58971556032,0.0,0.0,0.0,47231678.71233981
2010-02-26,49062591.58412697,41797934.66183342,50655215.8183054,49062591.58412697,49062591.58412697,-3047152.1259518224,-3047152.1259518224,-3047152.1259518224,-1878800.9984048237,-1878800.9984048237,-1878800.9984048237,-1168351.1275469984,-1168351.1275469984,-1168351.1275469984,0.0,0.0,0.0,46015439.45817515
2010-03-05,49058422.04722487,41124147.33172912,49924942.61275727,49058422.04722487,49058422.04722487,-3320621.2011886416,-3320621.2011886416,-3320621.2011886416,-1878800.998404824,-1878800.998404824,-1878800.998404824,-1441820.2027838172,-1441820.2027838172,-1441820.2027838172,0.0,0.0,0.0,45737800.84603623
2010-03-12,49054252.51032277,41229060.23885223,50275489.22387272,49054252.51032277,49054252.51032277,-3376753.723595785,-3376753.723595785,-3376753.723595785,-1878800.998404824,-1878800.998404824,-1878800.998404824,-1497952.725190961,-1497952.725190961,-1497952.725190961,0.0,0.0,0.0,45677498.78672699
2010-03-19,49050082.97074952,40869102.47005551,49968426.88293675,49050082.97074952,49050082.97074952,-3725860.00894478,-3725860.00894478,-3725860.00894478,-1878800.998404824,-1878800.998404824,-1878800.998404824,-1847059.010539956,-1847059.010539956,-1847059.010539956,0.0,0.0,0.0,45324222.96180474
2010-03-26,49045913.43117628,40810293.80739873,49669386.28670679,49045913.43117628,49045913.43117628,-3844904.977887969,-3844904.977887969,-3844904.977887969,-1878800.9984048237,-1878800.9984048237,-1878800.9984048237,-1966103.9794831453,-1966103.9794831453,-1966103.9794831453,0.0,0.0,0.0,45201008.45328831
2010-04-02,49041743.891603015,41465433.59960861,50185774.28114718,49041743.891603015,49041743.891603015,-3162164.7399399653,-3162164.7399399653,-3162164.7399399653,-1878800.998404824,-1878800.998404824,-1878800.998404824,-1283363.7415351423,-1283363.7415351423,-1283363.7415351423,0.0,0.0,0.0,45879579.15166305
2010-04-09,49037574.35202977,42522505.43754779,50963512.26490892,49037574.35202977,49037574.35202977,-2198283.706149562,-2198283.706149562,-2198283.706149562,-1878800.9984048237,-1878800.9984048237,-1878800.9984048237,-319482.70774473826,-319482.70774473826,-319482.70774473826,0.0,0.0,0.0,46839290.64588021
2010-04-16,49033404.81187506,42311311.98691428,51643328.68334095,49033404.81187506,49033404.81187506,-2118510.211639452,-2118510.211639452,-2118510.211639452,-1878800.9984048237,-1878800.9984048237,-1878800.9984048237,-239709.21323462785,-239709.21323462785,-239709.21323462785,0.0,0.0,0.0,46914894.60023561
2010-04-23,49029235.27172034,41437263.77702479,50058011.18685114,49029235.27172034,49029235.27172034,-3227444.773517057,-3227444.773517057,-3227444.773517057,-1878800.9984048237,-1878800.9984048237,-1878800.9984048237,-1348643.7751122338,-1348643.7751122338,-1348643.7751122338,0.0,0.0,0.0,45801790.498203285
2010-04-30,49025065.73156563,40173997.5538731,48857975.73132551,49025065.73156563,49025065.73156563,-4428723.5411013095,-4428723.5411013095,-4428723.5411013095,-1878800.9984048237,-1878800.9984048237,-1878800.9984048237,-2549922.5426964858,-2549922.5426964858,-2549922.5426964858,0.0,0.0,0.0,44596342.190464325
2010-05-07,49020896.19141092,40052849.95961145,48860288.05898378,49020896.19141092,49020896.19141092,-4431467.207704263,-4431467.207704263,-4431467.207704263,-1878800.998404824,-1878800.998404824,-1878800.998404824,-2552666.20929944,-2552666.20929944,-2552666.20929944,0.0,0.0,0.0,44589428.98370666
2010-05-14,49016726.65125621,41439911.17821112,50227527.48503817,49016726.65125621,49016726.65125621,-3216436.5701856287,-3216436.5701856287,-3216436.5701856287,-1878800.9984048237,-1878800.9984048237,-1878800.9984048237,-1337635.5717808057,-1337635.5717808057,-1337635.5717808057,0.0,0.0,0.0,45800290.08107058
2010-05-21,49012557.11108182,42657124.41841369,51325572.01767372,49012557.11108182,49012557.11108182,-1956308.9739778724,-1956308.9739778724,-1956308.9739778724,-1878800.9984048237,-1878800.9984048237,-1878800.9984048237,-77507.97557304903,-77507.97557304903,-77507.97557304903,0.0,0.0,0.0,47056248.13710395
2010-05-28,49008387.57090744,43008306.274366856,51707330.027059376,49008387.57090744,49008387.57090744,-1571394.7961192732,-1571394.7961192732,-1571394.7961192732,-1878800.9984048237,-1878800.9984048237,-1878800.9984048237,307406.2022855503,307406.2022855503,307406.2022855503,0.0,0.0,0.0,47436992.77478817
2010-06-04,49004218.03073306,42831608.36102308,51493060.23453792,49004218.03073306,49004218.03073306,-1774173.8075313033,-1774173.8075313033,-1774173.8075313033,-1878800.9984048237,-1878800.9984048237,-1878800.9984048237,104627.19087352042,104627.19087352042,104627.19087352042,0.0,0.0,0.0,47230044.22320175
2010-06-11,49000048.49055868,42847815.65634092,51926047.60682014,49000048.49055868,49000048.49055868,-1707019.3649081734,-1707019.3649081734,-1707019.3649081734,-1878800.9984048237,-1878800.9984048237,-1878800.9984048237,171781.63349665017,171781.63349665017,171781.63349665017,0.0,0.0,0.0,47293029.1256505
2010-06-18,48995878.96080384,43445272.150900126,52100742.507560775,48995878.96080384,48995878.96080384,-1194269.9810321175,-1194269.9810321175,-1194269.9810321175,-1878800.9984048237,-1878800.9984048237,-1878800.9984048237,684531.017372706,684531.017372706,684531.017372706,0.0,0.0,0.0,47801608.979771726
2010-06-25,48991709.43104903,43784544.49918405,52568100.691090815,48991709.43104903,48991709.43104903,-945552.0672263514,-945552.0672263514,-945552.0672263514,-1878800.9984048237,-1878800.9984048237,-1878800.9984048237,933248.9311784722,933248.9311784722,933248.9311784722,0.0,0.0,0.0,48046157.36382268
2010-07-02,48987539.9012942,43224383.68030623,52052078.8684285,48987539.9012942,48987539.9012942,-1542493.9395437876,-1542493.9395437876,-1542493.9395437876,-1878800.9984048237,-1878800.9984048237,-1878800.9984048237,336307.058861036,336307.058861036,336307.058861036,0.0,0.0,0.0,47445045.96175041
2010-07-09,48983370.37153938,42088960.72245695,50849651.03697159,48983370.37153938,48983370.37153938,-2636551.625390372,-2636551.625390372,-2636551.625390372,-1878800.9984048237,-1878800.9984048237,-1878800.9984048237,-757750.6269855477,-757750.6269855477,-757750.6269855477,0.0,0.0,0.0,46346818.746149
2010-07-16,48979200.841784544,41219198.290844105,49826610.35563277,48979200.841784544,48979200.841784544,-3395617.395746832,-3395617.395746832,-3395617.395746832,-1878800.9984048237,-1878800.9984048237,-1878800.9984048237,-1516816.3973420092,-1516816.3973420092,-1516816.3973420092,0.0,0.0,0.0,45583583.44603771
2010-07-23,48975031.35185572,40779182.46901875,50113110.81976992,48975031.35185572,48975031.35185572,-3504726.45454619,-3504726.45454619,-3504726.45454619,-1878800.998404824,-1878800.998404824,-1878800.998404824,-1625925.456141366,-1625925.456141366,-1625925.456141366,0.0,0.0,0.0,45470304.89730953
2010-07-30,48970861.86192689,41150302.44043788,50044829.55834527,48970861.86192689,48970861.86192689,-3347067.0208411515,-3347067.0208411515,-3347067.0208411515,-1878800.998404824,-1878800.998404824,-1878800.998404824,-1468266.022436328,-1468266.022436328,-1468266.022436328,0.0,0.0,0.0,45623794.84108574
2010-08-06,48966692.37199806,41031307.53043474,50051528.34385392,48966692.37199806,48966692.37199806,-3234164.2776647,-3234164.2776647,-3234164.2776647,-1878800.998404824,-1878800.998404824,-1878800.998404824,-1355363.279259876,-1355363.279259876,-1355363.279259876,0.0,0.0,0.0,45732528.09433336
2010-08-13,48962522.88206923,41739707.88279218,50625941.04732149,48962522.88206923,48962522.88206923,-2922371.202206499,-2922371.202206499,-2922371.202206499,-1878800.998404824,-1878800.998404824,-1878800.998404824,-1043570.2038016752,-1043570.2038016752,-1043570.2038016752,0.0,0.0,0.0,46040151.67986273
2010-08-20,48958353.48372248,42354654.71899481,50881524.03571412,48958353.48372248,48958353.48372248,-2196863.6282157614,-2196863.6282157614,-2196863.6282157614,-1878800.998404824,-1878800.998404824,-1878800.998404824,-318062.6298109375,-318062.6298109375,-318062.6298109375,0.0,0.0,0.0,46761489.85550672
2010-08-27,48954184.08537573,43093991.37712866,51416961.00434337,48954184.08537573,48954184.08537573,-1647167.9045255694,-1647167.9045255694,-1647167.9045255694,-1878800.9984048237,-1878800.9984048237,-1878800.9984048237,231633.09387925392,231633.09387925392,231633.09387925392,0.0,0.0,0.0,47307016.18085016
2010-09-03,48950014.68702898,42294183.12417428,50907643.160628885,48950014.68702898,48950014.68702898,-2287561.95828587,-2287561.95828587,-2287561.95828587,-1878800.998404824,-1878800.998404824,-1878800.998404824,-408760.95988104655,-408760.95988104655,-408760.95988104655,0.0,0.0,0.0,46662452.72874311
2010-09-10,48945845.28868224,40280834.874743365,49054805.00446362,48945845.28868224,48945845.28868224,-4225874.344939471,-4225874.344939471,-4225874.344939471,-1878800.998404824,-1878800.998404824,-1878800.998404824,-2347073.346534648,-2347073.346534648,-2347073.346534648,0.0,0.0,0.0,44719970.94374277
2010-09-17,48941675.89033548,38510548.6722212,47109424.27164022,48941675.89033548,48941675.89033548,-6122675.378734333,-6122675.378734333,-6122675.378734333,-1878800.998404824,-1878800.998404824,-1878800.998404824,-4243874.380329509,-4243874.380329509,-4243874.380329509,0.0,0.0,0.0,42819000.51160114
2010-09-24,48937506.50445724,37907535.86090911,46655132.29314878,48937506.50445724,48937506.50445724,-6447452.2667992,-6447452.2667992,-6447452.2667992,-1878800.9984048237,-1878800.9984048237,-1878800.9984048237,-4568651.268394376,-4568651.268394376,-4568651.268394376,0.0,0.0,0.0,42490054.23765804
2010-10-01,48933337.11857899,39418094.19798203,48009414.08337894,48933337.11857899,48933337.11857899,-5223127.541938876,-5223127.541938876,-5223127.541938876,-1878800.998404824,-1878800.998404824,-1878800.998404824,-3344326.543534052,-3344326.543534052,-3344326.543534052,0.0,0.0,0.0,43710209.576640114
2010-10-08,48929167.73270075,40912750.03225089,49301486.60882531,48929167.73270075,48929167.73270075,-4061796.150043652,-4061796.150043652,-4061796.150043652,-1878800.998404824,-1878800.998404824,-1878800.998404824,-2182995.1516388278,-2182995.1516388278,-2182995.1516388278,0.0,0.0,0.0,44867371.5826571
2010-10-15,48924998.3468225,40171952.87057106,48908056.93639171,48924998.3468225,48924998.3468225,-4246248.890075036,-4246248.890075036,-4246248.890075036,-1878800.998404824,-1878800.998404824,-1878800.998404824,-2367447.8916702126,-2367447.8916702126,-2367447.8916702126,0.0,0.0,0.0,44678749.456747465
2010-10-22,48922451.40807961,39499746.46970071,48004501.22612108,48922451.40807961,48922451.40807961,-5119551.617125776,-5119551.617125776,-5119551.617125776,-1878800.998404824,-1878800.998404824,-1878800.998404824,-3240750.6187209515,-3240750.6187209515,-3240750.6187209515,0.0,0.0,0.0,43802899.79095383
2010-10-29,48919904.4693367,39777558.54926087,48159883.646684565,48919904.4693367,48919904.4693367,-4836167.228902578,-4836167.228902578,-4836167.228902578,-1878800.9984048237,-1878800.9984048237,-1878800.9984048237,-2957366.230497754,-2957366.230497754,-2957366.230497754,0.0,0.0,0.0,44083737.240434125
2010-11-05,48917357.530593805,41795968.35189393,50716598.75504659,48917357.530593805,48917357.530593805,-2626710.7343395418,-2626710.7343395418,-2626710.7343395418,-1878800.998404824,-1878800.998404824,-1878800.998404824,-747909.7359347182,-747909.7359347182,-747909.7359347182,0.0,0.0,0.0,46290646.79625426
2010-11-12,48914810.5918509,44425090.06318102,53566212.32091686,48914810.5918509,48914810.5918509,281714.53922927374,281714.53922927374,281714.53922927374,-1878800.998404824,-1878800.998404824,-1878800.998404824,2160515.537634097,2160515.537634097,2160515.537634097,0.0,0.0,0.0,49196525.13108017
2010-11-19,48912263.653108,46532589.7830414,55795511.75920866,48912263.653108,48912263.653108,2353290.1118446044,2353290.1118446044,2353290.1118446044,-1878800.998404824,-1878800.998404824,-1878800.998404824,4232091.110249428,4232091.110249428,4232091.110249428,0.0,0.0,0.0,51265553.76495261
2010-11-26,48912463.49085205,48170624.295062594,56879923.211243466,48912463.49085205,48912463.49085205,3905061.358667432,3905061.358667432,3905061.358667432,-1878800.9984048237,-1878800.9984048237,-1878800.9984048237,5783862.357072256,5783862.357072256,5783862.357072256,0.0,0.0,0.0,52817524.84951949
2010-12-03,48912663.32859609,50868956.25205159,60126673.09045927,48912663.32859609,48912663.32859609,6735218.883971285,6735218.883971285,6735218.883971285,-1878800.9984048237,-1878800.9984048237,-1878800.9984048237,8614019.882376108,8614019.882376108,8614019.882376108,0.0,0.0,0.0,55647882.212567374
2010-12-10,48912863.16634014,55853395.14465767,64670896.6422257,48912863.16634014,48912863.16634014,11276452.507615568,11276452.507615568,11276452.507615568,-1878800.9984048237,-1878800.9984048237,-1878800.9984048237,13155253.50602039,13155253.50602039,13155253.50602039,0.0,0.0,0.0,60189315.67395571
2010-12-17,48913063.00408419,59044994.967852525,67863555.42428151,48913063.00408419,48913063.00408419,14743706.719469922,14743706.719469922,14743706.719469922,-1878800.9984048237,-1878800.9984048237,-1878800.9984048237,16622507.717874745,16622507.717874745,16622507.717874745,0.0,0.0,0.0,63656769.72355411
2010-12-24,48915726.52378723,57355239.298742056,66030478.151691645,48915726.52378723,48915726.52378723,13100489.84327516,13100489.84327516,13100489.84327516,-1878800.9984048237,-1878800.9984048237,-1878800.9984048237,14979290.841679985,14979290.841679985,14979290.841679985,0.0,0.0,0.0,62016216.36706239
2010-12-31,48918390.04349026,50009727.964755714,58489979.71748532,48918390.04349026,48918390.04349026,5304223.015777682,5304223.015777682,5304223.015777682,-1878800.9984048237,-1878800.9984048237,-1878800.9984048237,7183024.014182506,7183024.014182506,7183024.014182506,0.0,0.0,0.0,54222613.059267946
2011-01-07,48921053.5631933,39490720.235484816,48471684.64607053,48921053.5631933,48921053.5631933,-4757485.841933464,-4757485.841933464,-4757485.841933464,-1878800.9984048237,-1878800.9984048237,-1878800.9984048237,-2878684.84352864,-2878684.84352864,-2878684.84352864,0.0,0.0,0.0,44163567.72125983
2011-01-14,48923717.08289633,33503276.011829425,42147805.5267626,48923717.08289633,48923717.08289633,-11134226.327105757,-11134226.327105757,-11134226.327105757,-1878800.998404824,-1878800.998404824,-1878800.998404824,-9255425.32870093,-9255425.32870093,-9255425.32870093,0.0,0.0,0.0,37789490.75579058
2011-01-21,48926380.60259937,33664237.530312404,42438715.415866815,48926380.60259937,48926380.60259937,-10853260.369621089,-10853260.369621089,-10853260.369621089,-1878800.998404824,-1878800.998404824,-1878800.998404824,-8974459.371216262,-8974459.371216262,-8974459.371216262,0.0,0.0,0.0,38073120.232978284
2011-01-28,48932287.14483068,38422532.80554589,47115686.07997673,48932287.14483068,48932287.14483068,-6111609.277000381,-6111609.277000381,-6111609.277000381,-1878800.9984048237,-1878800.9984048237,-1878800.9984048237,-4232808.2785955565,-4232808.2785955565,-4232808.2785955565,0.0,0.0,0.0,42820677.8678303
2011-02-04,48938193.68706199,42637745.20802539,51878262.696309,48938193.68706199,48938193.68706199,-1652171.0942533363,-1652171.0942533363,-1652171.0942533363,-1878800.9984048237,-1878800.9984048237,-1878800.9984048237,226629.9041514872,226629.9041514872,226629.9041514872,0.0,0.0,0.0,47286022.59280865
2011-02-11,48944100.2292933,44337772.28441025,53021603.7484381,48944100.2292933,48944100.2292933,-363134.6645646533,-363134.6645646533,-363134.6645646533,-1878800.9984048237,-1878800.9984048237,-1878800.9984048237,1515666.3338401704,1515666.3338401704,1515666.3338401704,0.0,0.0,0.0,48580965.56472865
2011-02-18,48950006.7715246,42731715.53146919,51675253.00759781,48950006.7715246,48950006.7715246,-1546595.9003264687,-1546595.9003264687,-1546595.9003264687,-1878800.9984048237,-1878800.9984048237,-1878800.9984048237,332205.0980783549,332205.0980783549,332205.0980783549,0.0,0.0,0.0,47403410.87119813
2011-02-25,48959416.29606228,41544692.21413099,50479634.77273763,48959416.29606228,48959416.29606228,-2904438.089650724,-2904438.089650724,-2904438.089650724,-1878800.998404824,-1878800.998404824,-1878800.998404824,-1025637.0912459008,-1025637.0912459008,-1025637.0912459008,0.0,0.0,0.0,46054978.20641156
2011-03-04,48968825.82059996,41245797.41933777,50097358.8989772,48968825.82059996,48968825.82059996,-3316145.0262553343,-3316145.0262553343,-3316145.0262553343,-1878800.9984048237,-1878800.9984048237,-1878800.9984048237,-1437344.0278505113,-1437344.0278505113,-1437344.0278505113,0.0,0.0,0.0,45652680.79434463
2011-03-11,48978235.34513763,41111771.66576576,50275334.46477146,48978235.34513763,48978235.34513763,-3345540.593473947,-3345540.593473947,-3345540.593473947,-1878800.9984048237,-1878800.9984048237,-1878800.9984048237,-1466739.5950691232,-1466739.5950691232,-1466739.5950691232,0.0,0.0,0.0,45632694.751663685
2011-03-18,48987644.86967532,40970706.42364343,49891109.39446024,48987644.86967532,48987644.86967532,-3655619.278347328,-3655619.278347328,-3655619.278347328,-1878800.998404824,-1878800.998404824,-1878800.998404824,-1776818.2799425048,-1776818.2799425048,-1776818.2799425048,0.0,0.0,0.0,45332025.59132799
2011-03-25,48997054.39421298,40716524.60598191,49678146.31595161,48997054.39421298,48997054.39421298,-3876945.229961705,-3876945.229961705,-3876945.229961705,-1878800.998404824,-1878800.998404824,-1878800.998404824,-1998144.2315568803,-1998144.2315568803,-1998144.2315568803,0.0,0.0,0.0,45120109.16425128
2011-04-01,49009535.55331376,41387340.7621452,50212103.463576384,49009535.55331376,49009535.55331376,-3335762.444083679,-3335762.444083679,-3335762.444083679,-1878800.998404824,-1878800.998404824,-1878800.998404824,-1456961.4456788555,-1456961.4456788555,-1456961.4456788555,0.0,0.0,0.0,45673773.10923008
2011-04-08,49022016.712414525,42541606.720860526,51087831.04514478,49022016.712414525,49022016.712414525,-2336337.2999987146,-2336337.2999987146,-2336337.2999987146,-1878800.998404824,-1878800.998404824,-1878800.998404824,-457536.3015938911,-457536.3015938911,-457536.3015938911,0.0,0.0,0.0,46685679.41241581
2011-04-15,49034497.87151529,42644923.68012234,51893615.73184649,49034497.87151529,49034497.87151529,-2033824.7603150983,-2033824.7603150983,-2033824.7603150983,-1878800.998404824,-1878800.998404824,-1878800.998404824,-155023.76191027492,-155023.76191027492,-155023.76191027492,0.0,0.0,0.0,47000673.11120019
2011-04-22,49046979.03061605,41374307.86539668,50669091.56884258,49046979.03061605,49046979.03061605,-2978089.1799875125,-2978089.1799875125,-2978089.1799875125,-1878800.9984048237,-1878800.9984048237,-1878800.9984048237,-1099288.181582689,-1099288.181582689,-1099288.181582689,0.0,0.0,0.0,46068889.85062854
2011-04-29,49060345.02711646,40319277.45621628,48997190.133524746,49060345.02711646,49060345.02711646,-4275938.924063005,-4275938.924063005,-4275938.924063005,-1878800.998404824,-1878800.998404824,-1878800.998404824,-2397137.9256581804,-2397137.9256581804,-2397137.9256581804,0.0,0.0,0.0,44784406.10305346
2011-05-06,49073711.02361687,39846261.56487918,48636676.11557522,49073711.02361687,49073711.02361687,-4541217.995773687,-4541217.995773687,-4541217.995773687,-1878800.998404824,-1878800.998404824,-1878800.998404824,-2662416.997368864,-2662416.997368864,-2662416.997368864,0.0,0.0,0.0,44532493.02784319
2011-05-13,49087077.02011727,40895091.16291657,50062841.01734015,49087077.02011727,49087077.02011727,-3476687.030784562,-3476687.030784562,-3476687.030784562,-1878800.998404824,-1878800.998404824,-1878800.998404824,-1597886.032379739,-1597886.032379739,-1597886.032379739,0.0,0.0,0.0,45610389.98933271
2011-05-20,49100443.01661768,42590421.7497796,51189348.3785316,49100443.01661768,49100443.01661768,-2129116.59767399,-2129116.59767399,-2129116.59767399,-1878800.998404824,-1878800.998404824,-1878800.998404824,-250315.59926916583,-250315.59926916583,-250315.59926916583,0.0,0.0,0.0,46971326.41894369
2011-05-27,49113809.01311809,43161405.30226184,52248638.63490529,49113809.01311809,49113809.01311809,-1573678.1016319636,-1573678.1016319636,-1573678.1016319636,-1878800.998404824,-1878800.998404824,-1878800.998404824,305122.89677286,305122.89677286,305122.89677286,0.0,0.0,0.0,47540130.91148613
2011-06-03,49127194.470109686,43140482.62643136,51626737.572143,49127194.470109686,49127194.470109686,-1736053.6947341105,-1736053.6947341105,-1736053.6947341105,-1878800.998404824,-1878800.998404824,-1878800.998404824,142747.30367071313,142747.30367071313,142747.30367071313,0.0,0.0,0.0,47391140.775375575
2011-06-10,49140579.92710128,43161214.42718325,51769863.41761196,49140579.92710128,49140579.92710128,-1761444.692764361,-1761444.692764361,-1761444.692764361,-1878800.998404824,-1878800.998404824,-1878800.998404824,117356.30564046286,117356.30564046286,117356.30564046286,0.0,0.0,0.0,47379135.23433692
2011-06-17,49153965.38409288,43356188.44116704,52159000.031707525,49153965.38409288,49153965.38409288,-1292629.693171637,-1292629.693171637,-1292629.693171637,-1878800.9984048237,-1878800.9984048237,-1878800.9984048237,586171.3052331867,586171.3052331867,586171.3052331867,0.0,0.0,0.0,47861335.69092125
2011-06-24,49167350.84108448,44157483.4713759,52839708.46755813,49167350.84108448,49167350.84108448,-934046.4745426412,-934046.4745426412,-934046.4745426412,-1878800.9984048237,-1878800.9984048237,-1878800.9984048237,944754.5238621824,944754.5238621824,944754.5238621824,0.0,0.0,0.0,48233304.36654184
2011-07-01,49180739.89148439,43043608.86756279,52100252.92365221,49180739.89148439,49180739.89148439,-1377178.3513590384,-1377178.3513590384,-1377178.3513590384,-1878800.998404824,-1878800.998404824,-1878800.998404824,501622.6470457852,501622.6470457852,501622.6470457852,0.0,0.0,0.0,47803561.54012535
2011-07-08,49194128.94188429,42247289.86102982,51305770.65951779,49194128.94188429,49194128.94188429,-2443677.5051390026,-2443677.5051390026,-2443677.5051390026,-1878800.998404824,-1878800.998404824,-1878800.998404824,-564876.5067341789,-564876.5067341789,-564876.5067341789,0.0,0.0,0.0,46750451.43674529
2011-07-15,49207517.99228419,41500072.145937815,50575988.16409186,49207517.99228419,49207517.99228419,-3310308.3440570035,-3310308.3440570035,-3310308.3440570035,-1878800.9984048237,-1878800.9984048237,-1878800.9984048237,-1431507.345652179,-1431507.345652179,-1431507.345652179,0.0,0.0,0.0,45897209.64822719
2011-07-22,49220907.0426841,41442988.03869141,50219098.86504489,49220907.0426841,49220907.0426841,-3520393.461955903,-3520393.461955903,-3520393.461955903,-1878800.9984048237,-1878800.9984048237,-1878800.9984048237,-1641592.4635510794,-1641592.4635510794,-1641592.4635510794,0.0,0.0,0.0,45700513.5807282
2011-07-29,49234296.09308401,41654037.42700327,50201309.29998015,49234296.09308401,49234296.09308401,-3373541.860200906,-3373541.860200906,-3373541.860200906,-1878800.9984048237,-1878800.9984048237,-1878800.9984048237,-1494740.8617960832,-1494740.8617960832,-1494740.8617960832,0.0,0.0,0.0,45860754.2328831
2011-08-05,49247685.16200971,41400446.38183194,50325078.36861981,49247685.16200971,49247685.16200971,-3256448.03254565,-3256448.03254565,-3256448.03254565,-1878800.9984048237,-1878800.9984048237,-1878800.9984048237,-1377647.034140827,-1377647.034140827,-1377647.034140827,0.0,0.0,0.0,45991237.12946406
2011-08-12,49261074.23093542,41798012.03765284,50422722.33900453,49261074.23093542,49261074.23093542,-3010259.01116462,-3010259.01116462,-3010259.01116462,-1878800.9984048237,-1878800.9984048237,-1878800.9984048237,-1131458.0127597954,-1131458.0127597954,-1131458.0127597954,0.0,0.0,0.0,46250815.2197708
2011-08-19,49274463.29986112,42721050.635217935,51061842.21082991,49274463.29986112,49274463.29986112,-2342367.160227335,-2342367.160227335,-2342367.160227335,-1878800.9984048237,-1878800.9984048237,-1878800.9984048237,-463566.16182251135,-463566.16182251135,-463566.16182251135,0.0,0.0,0.0,46932096.13963378
2011-08-26,49287852.36878683,43070023.99367303,52167978.26180068,49287852.36878683,49287852.36878683,-1683319.262242999,-1683319.262242999,-1683319.262242999,-1878800.9984048237,-1878800.9984048237,-1878800.9984048237,195481.73616182452,195481.73616182452,195481.73616182452,0.0,0.0,0.0,47604533.106543824
2011-09-02,49301241.56659723,42920952.31618504,51504984.26976161,49301241.56659723,49301241.56659723,-2060351.276599416,-2060351.276599416,-2060351.276599416,-1878800.9984048237,-1878800.9984048237,-1878800.9984048237,-181550.2781945926,-181550.2781945926,-181550.2781945926,0.0,0.0,0.0,47240890.289997816
2011-09-09,49314630.76440764,41044676.65769302,49670805.36978322,49314630.76440764,49314630.76440764,-3830285.55512871,-3830285.55512871,-3830285.55512871,-1878800.998404824,-1878800.998404824,-1878800.998404824,-1951484.5567238864,-1951484.5567238864,-1951484.5567238864,0.0,0.0,0.0,45484345.209278926
2011-09-16,49328019.96221803,39071308.73383022,47497068.26386524,49328019.96221803,49328019.96221803,-5867931.747175964,-5867931.747175964,-5867931.747175964,-1878800.9984048237,-1878800.9984048237,-1878800.9984048237,-3989130.74877114,-3989130.74877114,-3989130.74877114,0.0,0.0,0.0,43460088.21504207
2011-09-23,49341409.16002844,38589707.59822678,47183338.892715424,49341409.16002844,49341409.16002844,-6531157.724550865,-6531157.724550865,-6531157.724550865,-1878800.9984048237,-1878800.9984048237,-1878800.9984048237,-4652356.7261460405,-4652356.7261460405,-4652356.7261460405,0.0,0.0,0.0,42810251.43547757
2011-09-30,49354798.35783884,39559898.33796698,48377824.53950951,49354798.35783884,49354798.35783884,-5493074.66053843,-5493074.66053843,-5493074.66053843,-1878800.9984048237,-1878800.9984048237,-1878800.9984048237,-3614273.662133607,-3614273.662133607,-3614273.662133607,0.0,0.0,0.0,43861723.69730041
2011-10-07,49368187.82429291,40545157.848145366,49383534.29557242,49368187.82429291,49368187.82429291,-4186048.964653099,-4186048.964653099,-4186048.964653099,-1878800.9984048237,-1878800.9984048237,-1878800.9984048237,-2307247.966248276,-2307247.966248276,-2307247.966248276,0.0,0.0,0.0,45182138.859639816
2011-10-14,49381577.290746994,40750510.22302068,49578335.78542415,49381577.290746994,49381577.290746994,-4116877.2783178175,-4116877.2783178175,-4116877.2783178175,-1878800.998404824,-1878800.998404824,-1878800.998404824,-2238076.2799129947,-2238076.2799129947,-2238076.2799129947,0.0,0.0,0.0,45264700.01242918
2011-10-21,49394966.75720108,39886394.1620153,48646119.07894399,49394966.75720108,49394966.75720108,-4996439.192687225,-4996439.192687225,-4996439.192687225,-1878800.998404824,-1878800.998404824,-1878800.998404824,-3117638.194282401,-3117638.194282401,-3117638.194282401,0.0,0.0,0.0,44398527.56451385
2011-10-28,49408356.22365515,39619751.6373993,48827580.1698941,49408356.22365515,49408356.22365515,-5034326.903664495,-5034326.903664495,-5034326.903664495,-1878800.998404824,-1878800.998404824,-1878800.998404824,-3155525.9052596707,-3155525.9052596707,-3155525.9052596707,0.0,0.0,0.0,44374029.31999066
2011-11-04,49421745.68995691,41948117.84443232,50835130.49741456,49421745.68995691,49421745.68995691,-3127167.534522927,-3127167.534522927,-3127167.534522927,-1878800.998404824,-1878800.998404824,-1878800.998404824,-1248366.5361181032,-1248366.5361181032,-1248366.5361181032,0.0,0.0,0.0,46294578.15543398
2011-11-11,49435135.15625868,45093476.82032734,53584109.43882804,49435135.15625868,49435135.15625868,-204501.0903401096,-204501.0903401096,-204501.0903401096,-1878800.9984048237,-1878800.9984048237,-1878800.9984048237,1674299.908064714,1674299.908064714,1674299.908064714,0.0,0.0,0.0,49230634.06591857
2011-11-18,49448524.62256045,47046511.28632827,56113645.26719526,49448524.62256045,49448524.62256045,2061530.798661472,2061530.798661472,2061530.798661472,-1878800.998404824,-1878800.998404824,-1878800.998404824,3940331.797066296,3940331.797066296,3940331.797066296,0.0,0.0,0.0,51510055.42122192
2011-11-25,49461914.08886221,48674064.97355842,57629149.567379735,49461914.08886221,49461914.08886221,3587011.8411266934,3587011.8411266934,3587011.8411266934,-1878800.998404824,-1878800.998404824,-1878800.998404824,5465812.839531518,5465812.839531518,5465812.839531518,0.0,0.0,0.0,53048925.929988906
2011-12-02,49475303.55516398,51106044.05384793,60353580.71651127,49475303.55516398,49475303.55516398,6076328.129017937,6076328.129017937,6076328.129017937,-1878800.998404824,-1878800.998404824,-1878800.998404824,7955129.127422761,7955129.127422761,7955129.127422761,0.0,0.0,0.0,55551631.68418192
2011-12-09,49488693.02581358,55440991.512032814,64258624.51442063,49488693.02581358,49488693.02581358,10425447.75021529,10425447.75021529,10425447.75021529,-1878800.998404824,-1878800.998404824,-1878800.998404824,12304248.748620111,12304248.748620111,12304248.748620111,0.0,0.0,0.0,59914140.77602887
2011-12-16,49502082.49646318,59523416.46638921,68222780.30261594,49502082.49646318,49502082.49646318,14398374.277474916,14398374.277474916,14398374.277474916,-1878800.998404824,-1878800.998404824,-1878800.998404824,16277175.27587974,16277175.27587974,16277175.27587974,0.0,0.0,0.0,63900456.7739381
2011-12-23,49515471.96711278,59203525.54973505,67962368.13891631,49515471.96711278,49515471.96711278,13881526.52260586,13881526.52260586,13881526.52260586,-1878800.998404824,-1878800.998404824,-1878800.998404824,15760327.521010684,15760327.521010684,15760327.521010684,0.0,0.0,0.0,63396998.48971864
2011-12-30,49528861.43776237,52312020.04480777,60965578.334910594,49528861.43776237,49528861.43776237,7029962.852335999,7029962.852335999,7029962.852335999,-1878800.9984048237,-1878800.9984048237,-1878800.9984048237,8908763.850740824,8908763.850740824,8908763.850740824,0.0,0.0,0.0,56558824.29009837
2012-01-06,49542250.90336357,41950053.02693605,50878816.38315775,49542250.90336357,49542250.90336357,-3071756.208048228,-3071756.208048228,-3071756.208048228,-1878800.998404824,-1878800.998404824,-1878800.998404824,-1192955.2096434047,-1192955.2096434047,-1192955.2096434047,0.0,0.0,0.0,46470494.69531535
2012-01-13,49555640.36896478,34849360.03415106,43502204.24378588,49555640.36896478,49555640.36896478,-10467208.372130573,-10467208.372130573,-10467208.372130573,-1878800.9984048237,-1878800.9984048237,-1878800.9984048237,-8588407.37372575,-8588407.37372575,-8588407.37372575,0.0,0.0,0.0,39088431.9968342
2012-01-20,49569029.834565975,34124861.88305485,42448479.9540281,49569029.834565975,49569029.834565975,-11353145.02429664,-11353145.02429664,-11353145.02429664,-1878800.9984048237,-1878800.9984048237,-1878800.9984048237,-9474344.025891816,-9474344.025891816,-9474344.025891816,0.0,0.0,0.0,38215884.81026933
2012-01-27,49582419.30016718,38305086.05054162,47154458.68403244,49582419.30016718,49582419.30016718,-7072370.855624122,-7072370.855624122,-7072370.855624122,-1878800.998404824,-1878800.998404824,-1878800.998404824,-5193569.857219298,-5193569.857219298,-5193569.857219298,0.0,0.0,0.0,42510048.444543056
2012-02-03,49595808.76576837,43154569.643675126,51938175.26759772,49595808.76576837,49595808.76576837,-2250388.38805935,-2250388.38805935,-2250388.38805935,-1878800.9984048237,-1878800.9984048237,-1878800.9984048237,-371587.3896545266,-371587.3896545266,-371587.3896545266,0.0,0.0,0.0,47345420.37770902
2012-02-10,49609198.24713564,44716005.82681458,53955332.87958968,49609198.24713564,49609198.24713564,-352395.5841655734,-352395.5841655734,-352395.5841655734,-1878800.9984048237,-1878800.9984048237,-1878800.9984048237,1526405.41423925,1526405.41423925,1526405.41423925,0.0,0.0,0.0,49256802.66297007
2012-02-17,49622587.7285029,43936575.84057636,52704770.28713097,49622587.7285029,49622587.7285029,-1259636.6648740475,-1259636.6648740475,-1259636.6648740475,-1878800.998404824,-1878800.998404824,-1878800.998404824,619164.3335307763,619164.3335307763,619164.3335307763,0.0,0.0,0.0,48362951.06362885
2012-02-24,49635977.20987016,42518633.63376472,51189449.26305132,49635977.20987016,49635977.20987016,-2726347.6859650086,-2726347.6859650086,-2726347.6859650086,-1878800.998404824,-1878800.998404824,-1878800.998404824,-847546.6875601846,-847546.6875601846,-847546.6875601846,0.0,0.0,0.0,46909629.52390515
2012-03-02,49649366.69123742,41754717.71213178,50901302.8664086,49649366.69123742,49649366.69123742,-3299465.0470169648,-3299465.0470169648,-3299465.0470169648,-1878800.9984048237,-1878800.9984048237,-1878800.9984048237,-1420664.0486121408,-1420664.0486121408,-1420664.0486121408,0.0,0.0,0.0,46349901.64422046
2012-03-09,49662756.17209866,42023724.21654664,50516344.20326107,49662756.17209866,49662756.17209866,-3326760.8827075684,-3326760.8827075684,-3326760.8827075684,-1878800.9984048237,-1878800.9984048237,-1878800.9984048237,-1447959.8843027442,-1447959.8843027442,-1447959.8843027442,0.0,0.0,0.0,46335995.28939109
2012-03-16,49676145.6529599,41707490.88319985,50292200.03296553,49676145.6529599,49676145.6529599,-3583563.189819087,-3583563.189819087,-3583563.189819087,-1878800.998404824,-1878800.998404824,-1878800.998404824,-1704762.1914142626,-1704762.1914142626,-1704762.1914142626,0.0,0.0,0.0,46092582.46314081
2012-03-23,49689535.13382114,41436967.89152729,50228637.70750585,49689535.13382114,49689535.13382114,-3881526.08743506,-3881526.08743506,-3881526.08743506,-1878800.998404824,-1878800.998404824,-1878800.998404824,-2002725.089030236,-2002725.089030236,-2002725.089030236,0.0,0.0,0.0,45808009.04638608
2012-03-30,49702924.61468236,41719870.92472264,50600730.05773887,49702924.61468236,49702924.61468236,-3491973.316010993,-3491973.316010993,-3491973.316010993,-1878800.9984048237,-1878800.9984048237,-1878800.9984048237,-1613172.317606169,-1613172.317606169,-1613172.317606169,0.0,0.0,0.0,46210951.298671365
2012-04-06,49716314.0955436,42615913.209358,51249194.61785754,49716314.0955436,49716314.0955436,-2498438.544310797,-2498438.544310797,-2498438.544310797,-1878800.9984048237,-1878800.9984048237,-1878800.9984048237,-619637.5459059736,-619637.5459059736,-619637.5459059736,0.0,0.0,0.0,47217875.5512328
2012-04-13,49729703.57927749,43230765.165308885,52016043.069619335,49729703.57927749,49729703.57927749,-1993383.402059121,-1993383.402059121,-1993383.402059121,-1878800.9984048237,-1878800.9984048237,-1878800.9984048237,-114582.4036542974,-114582.4036542974,-114582.4036542974,0.0,0.0,0.0,47736320.17721837
2012-04-20,49743093.06301138,42808258.47895864,51543828.75504664,49743093.06301138,49743093.06301138,-2741548.001352424,-2741548.001352424,-2741548.001352424,-1878800.9984048237,-1878800.9984048237,-1878800.9984048237,-862747.0029476003,-862747.0029476003,-862747.0029476003,0.0,0.0,0.0,47001545.06165896
2012-04-27,49756482.54674526,41535375.96631876,50145053.36707968,49756482.54674526,49756482.54674526,-4086852.0144085567,-4086852.0144085567,-4086852.0144085567,-1878800.9984048237,-1878800.9984048237,-1878800.9984048237,-2208051.016003733,-2208051.016003733,-2208051.016003733,0.0,0.0,0.0,45669630.532336704
2012-05-04,49769872.03047915,40711397.20333193,49931050.76057535,49769872.03047915,49769872.03047915,-4604433.74185149,-4604433.74185149,-4604433.74185149,-1878800.9984048237,-1878800.9984048237,-1878800.9984048237,-2725632.7434466663,-2725632.7434466663,-2725632.7434466663,0.0,0.0,0.0,45165438.28862765
2012-05-11,49783261.51421304,41698791.20869811,50451036.56186544,49783261.51421304,49783261.51421304,-3727909.023924891,-3727909.023924891,-3727909.023924891,-1878800.9984048237,-1878800.9984048237,-1878800.9984048237,-1849108.025520068,-1849108.025520068,-1849108.025520068,0.0,0.0,0.0,46055352.49028815
2012-05-18,49796650.99794692,43131074.91560235,51866705.80989119,49796650.99794692,49796650.99794692,-2330813.7387769204,-2330813.7387769204,-2330813.7387769204,-1878800.998404824,-1878800.998404824,-1878800.998404824,-452012.7403720965,-452012.7403720965,-452012.7403720965,0.0,0.0,0.0,47465837.25917
2012-05-25,49810040.48168081,43745006.60329947,52550184.15410963,49810040.48168081,49810040.48168081,-1601243.9590410294,-1601243.9590410294,-1601243.9590410294,-1878800.9984048237,-1878800.9984048237,-1878800.9984048237,277557.0393637942,277557.0393637942,277557.0393637942,0.0,0.0,0.0,48208796.52263978
2012-06-01,49823429.9654147,43807379.063300446,52656583.87283327,49823429.9654147,49823429.9654147,-1691920.7202062486,-1691920.7202062486,-1691920.7202062486,-1878800.998404824,-1878800.998404824,-1878800.998404824,186880.2781985752,186880.2781985752,186880.2781985752,0.0,0.0,0.0,48131509.24520846
2012-06-08,49836819.44914858,43191499.73314365,52775703.86497269,49836819.44914858,49836819.44914858,-1797053.839139347,-1797053.839139347,-1797053.839139347,-1878800.9984048237,-1878800.9984048237,-1878800.9984048237,81747.15926547641,81747.15926547641,81747.15926547641,0.0,0.0,0.0,48039765.61000923
2012-06-15,49850208.93288247,44303440.13554232,52732523.58627177,49850208.93288247,49850208.93288247,-1394253.8405057846,-1394253.8405057846,-1394253.8405057846,-1878800.9984048237,-1878800.9984048237,-1878800.9984048237,484547.157899039,484547.157899039,484547.157899039,0.0,0.0,0.0,48455955.09237669
2012-06-22,49863598.41661635,44253229.47283253,53153540.87878911,49863598.41661635,49863598.41661635,-950866.4060781688,-950866.4060781688,-950866.4060781688,-1878800.998404824,-1878800.998404824,-1878800.998404824,927934.5923266548,927934.5923266548,927934.5923266548,0.0,0.0,0.0,48912732.01053818
2012-06-29,49876987.90035024,44126312.15223552,53110862.53473214,49876987.90035024,49876987.90035024,-1233739.773447637,-1233739.773447637,-1233739.773447637,-1878800.998404824,-1878800.998404824,-1878800.998404824,645061.2249571867,645061.2249571867,645061.2249571867,0.0,0.0,0.0,48643248.1269026
2012-07-06,49890377.38408413,43163377.970988,52218587.1813658,49890377.38408413,49890377.38408413,-2243203.78849622,-2243203.78849622,-2243203.78849622,-1878800.998404824,-1878800.998404824,-1878800.998404824,-364402.790091396,-364402.790091396,-364402.790091396,0.0,0.0,0.0,47647173.59558791
2012-07-13,49903766.86781801,42453525.32957216,50868418.94612881,49903766.86781801,49903766.86781801,-3201645.3189394474,-3201645.3189394474,-3201645.3189394474,-1878800.9984048237,-1878800.9984048237,-1878800.9984048237,-1322844.320534624,-1322844.320534624,-1322844.320534624,0.0,0.0,0.0,46702121.548878565
2012-07-20,49917156.35155191,42044303.87797369,51120610.63492987,49917156.35155191,49917156.35155191,-3524472.8849339657,-3524472.8849339657,-3524472.8849339657,-1878800.998404824,-1878800.998404824,-1878800.998404824,-1645671.886529142,-1645671.886529142,-1645671.886529142,0.0,0.0,0.0,46392683.46661794
2012-07-27,49930545.83528579,42151435.29258379,50735888.31349892,49930545.83528579,49930545.83528579,-3402842.1945786285,-3402842.1945786285,-3402842.1945786285,-1878800.998404824,-1878800.998404824,-1878800.998404824,-1524041.1961738048,-1524041.1961738048,-1524041.1961738048,0.0,0.0,0.0,46527703.640707165
2012-08-03,49943935.31901968,42263881.90613371,51158418.06887947,49943935.31901968,49943935.31901968,-3275173.7723343465,-3275173.7723343465,-3275173.7723343465,-1878800.998404824,-1878800.998404824,-1878800.998404824,-1396372.7739295226,-1396372.7739295226,-1396372.7739295226,0.0,0.0,0.0,46668761.54668533
2012-08-10,49957324.80275356,42536691.09134271,51396261.16349194,49957324.80275356,49957324.80275356,-3082414.746744371,-3082414.746744371,-3082414.746744371,-1878800.998404824,-1878800.998404824,-1878800.998404824,-1203613.7483395478,-1203613.7483395478,-1203613.7483395478,0.0,0.0,0.0,46874910.05600919
2012-08-17,49970714.28648745,43167967.84464645,51720284.718474135,49970714.28648745,49970714.28648745,-2486101.01621319,-2486101.01621319,-2486101.01621319,-1878800.9984048237,-1878800.9984048237,-1878800.9984048237,-607300.0178083665,-607300.0178083665,-607300.0178083665,0.0,0.0,0.0,47484613.27027427
2012-08-24,49984103.77022133,43861950.83865308,52333142.59902517,49984103.77022133,49984103.77022133,-1754403.6184929248,-1754403.6184929248,-1754403.6184929248,-1878800.9984048237,-1878800.9984048237,-1878800.9984048237,124397.37991189856,124397.37991189856,124397.37991189856,0.0,0.0,0.0,48229700.15172841
2012-08-31,49997493.25395522,43900094.74450621,52720966.52843106,49997493.25395522,49997493.25395522,-1882132.222278584,-1882132.222278584,-1882132.222278584,-1878800.998404824,-1878800.998404824,-1878800.998404824,-3331.2238737600505,-3331.2238737600505,-3331.2238737600505,0.0,0.0,0.0,48115361.03167664
2012-09-07,50010882.73768911,42367107.86519657,51009446.725465946,50010882.73768911,50010882.73768911,-3444957.927242331,-3444957.927242331,-3444957.927242331,-1878800.998404824,-1878800.998404824,-1878800.998404824,-1566156.9288375075,-1566156.9288375075,-1566156.9288375075,0.0,0.0,0.0,46565924.81044678
2012-09-14,50024272.22142299,39898231.76757374,48960025.35858348,50024272.22142299,50024272.22142299,-5565401.604554122,-5565401.604554122,-5565401.604554122,-1878800.9984048237,-1878800.9984048237,-1878800.9984048237,-3686600.606149299,-3686600.606149299,-3686600.606149299,0.0,0.0,0.0,44458870.61686887
2012-09-21,50037661.705156885,39064307.77101585,47939434.12549299,50037661.705156885,50037661.705156885,-6555171.506560102,-6555171.506560102,-6555171.506560102,-1878800.998404824,-1878800.998404824,-1878800.998404824,-4676370.508155279,-4676370.508155279,-4676370.508155279,0.0,0.0,0.0,43482490.19859678
2012-09-28,50051051.18889077,39836600.914749816,48670689.17254078,50051051.18889077,50051051.18889077,-5754158.475522146,-5754158.475522146,-5754158.475522146,-1878800.998404824,-1878800.998404824,-1878800.998404824,-3875357.477117321,-3875357.477117321,-3875357.477117321,0.0,0.0,0.0,44296892.713368624
2012-10-05,50064440.672624655,41252990.05057056,50134088.8482366,50064440.672624655,50064440.672624655,-4355314.023360347,-4355314.023360347,-4355314.023360347,-1878800.9984048237,-1878800.9984048237,-1878800.9984048237,-2476513.0249555246,-2476513.0249555246,-2476513.0249555246,0.0,0.0,0.0,45709126.64926431
2012-10-12,50077830.15635854,41806123.009863466,50676307.45291679,50077830.15635854,50077830.15635854,-4022441.522341582,-4022441.522341582,-4022441.522341582,-1878800.9984048237,-1878800.9984048237,-1878800.9984048237,-2143640.5239367587,-2143640.5239367587,-2143640.5239367587,0.0,0.0,0.0,46055388.63401696
2012-10-19,50091219.64009243,40875098.1096139,49821237.22346567,50091219.64009243,50091219.64009243,-4844370.910022435,-4844370.910022435,-4844370.910022435,-1878800.9984048237,-1878800.9984048237,-1878800.9984048237,-2965569.911617611,-2965569.911617611,-2965569.911617611,0.0,0.0,0.0,45246848.73007
2012-10-26,50104609.12382631,40273568.50891518,49303680.01188778,50104609.12382631,50104609.12382631,-5164097.776229974,-5164097.776229974,-5164097.776229974,-1878800.9984048237,-1878800.9984048237,-1878800.9984048237,-3285296.7778251497,-3285296.7778251497,-3285296.7778251497,0.0,0.0,0.0,44940511.34759633
2012-10-28,50108434.69060742,42893422.282632336,51884741.53680152,50108434.69060742,50108434.69060742,-2731716.916736191,-2731716.916736191,-2731716.916736191,313133.5018033785,313133.5018033785,313133.5018033785,-3044850.4185395697,-3044850.4185395697,-3044850.4185395697,0.0,0.0,0.0,47376717.77387123
2012-11-04,50121824.17434131,45286531.44301336,54083078.74034618,50121603.40377146,50122185.48142701,-638413.2700390223,-638413.2700390223,-638413.2700390223,313133.5018042339,313133.5018042339,313133.5018042339,-951546.7718432562,-951546.7718432562,-951546.7718432562,0.0,0.0,0.0,49483410.90430229
2012-11-11,50135213.6580752,48045024.99696385,56753322.7359682,50134490.088272594,50136107.624602064,2282746.689681175,2282746.689681175,2282746.689681175,313133.50180508906,313133.50180508906,313133.50180508906,1969613.187876086,1969613.187876086,1969613.187876086,0.0,0.0,0.0,52417960.34775637
2012-11-18,50148603.14180908,50198488.21744662,59010339.573790215,50147131.13806429,50150290.07862404,4431593.3699337,4431593.3699337,4431593.3699337,313133.5018059444,313133.5018059444,313133.5018059444,4118459.8681277554,4118459.8681277554,4118459.8681277554,0.0,0.0,0.0,54580196.51174279
2012-11-25,50161992.62554297,51566634.33457741,60424973.015473336,50159625.29306294,50164558.026297405,5965049.05429845,5965049.05429845,5965049.05429845,313133.50180311507,313133.50180311507,313133.50180311507,5651915.552495336,5651915.552495336,5651915.552495336,0.0,0.0,0.0,56127041.67984142
2012-12-02,50175382.10927686,54608849.94127293,62846415.81543732,50171943.017147854,50178963.52353255,8655527.000229409,8655527.000229409,8655527.000229409,313133.5018039703,313133.5018039703,313133.5018039703,8342393.498425439,8342393.498425439,8342393.498425439,0.0,0.0,0.0,58830909.10950627
2012-12-09,50188771.593010746,58929765.04133096,68072601.12483561,50184063.23129546,50193564.28806823,13130191.05292008,13130191.05292008,13130191.05292008,313133.5018012632,313133.5018012632,313133.5018012632,12817057.55111882,12817057.55111882,12817057.55111882,0.0,0.0,0.0,63318962.64593083
2012-12-16,50202161.07674463,62735285.98439042,71493091.20708083,50196058.79854547,50207969.71310464,16816935.622264087,16816935.622264087,16816935.622264087,313133.501805559,313133.501805559,313133.501805559,16503802.120458528,16503802.120458528,16503802.120458528,0.0,0.0,0.0,67019096.69900872
2012-12-23,50215550.56047852,61622475.14315308,70341286.00848208,50207880.11641187,50222316.26206365,15630601.079098284,15630601.079098284,15630601.079098284,313133.5018028516,313133.5018028516,313133.5018028516,15317467.577295434,15317467.577295434,15317467.577295434,0.0,0.0,0.0,65846151.63957681
2012-12-30,50228940.0442124,54224853.222922206,62887982.520423226,50219834.15483167,50236862.04424198,8197828.874577811,8197828.874577811,8197828.874577811,313133.5018037071,313133.5018037071,313133.5018037071,7884695.372774104,7884695.372774104,7884695.372774104,0.0,0.0,0.0,58426768.91879021
2013-01-06,50242329.52794629,43972127.19814905,52730457.00410693,50231912.932438426,50251456.919401854,-1904605.9769341864,-1904605.9769341864,-1904605.9769341864,313133.5018045624,313133.5018045624,313133.5018045624,-2217739.4787387485,-2217739.4787387485,-2217739.4787387485,0.0,0.0,0.0,48337723.551012106
2013-01-13,50255719.01168017,37013571.6558234,45924602.14591981,50243569.6413866,50266480.88650637,-8702667.620594492,-8702667.620594492,-8702667.620594492,313133.5018052956,313133.5018052956,313133.5018052956,-9015801.122399788,-9015801.122399788,-9015801.122399788,0.0,0.0,0.0,41553051.39108568
